 101 ; –ì–µ–æ—Ä–≥–∏–µ–≤—Å–∫–∏–π –∫—Ä–µ—Å—Ç IV —Å—Ç–µ–ø–µ–Ω–∏ ‚Ññ52060 ;  ;  ; Ag ; XF- ; 40 ; qaz21qaz ; 9270 
 102 ; –ú–µ–¥–∞–ª—å –í –ø–∞–º—è—Ç—å —Ü–∞—Ä—Å—Ç–≤–æ–≤–∞–Ω–∏—è –∏–º–ø–µ—Ä–∞—Ç–æ—Ä–∞ –ê–ª–µ–∫—Å–∞–Ω–¥—Ä–∞ III. D-28–º–º ;  ;  ; Ag ; XF+ ; 27 ; Sky2 ; 4659 
 103 ; –ì–µ–æ—Ä–≥–∏–µ–≤—Å–∫–∞—è –º–µ–¥–∞–ª—å IV —Å—Ç–µ–ø–µ–Ω–∏. –í—Ä–µ–º–µ–Ω–Ω–æ–µ –ø—Ä–∞–≤–∏—Ç–µ–ª—å—Å—Ç–≤–æ ‚Ññ1329251 D-28–º–º ;  ;  ; –ë/–º ; XF ; 37 ; qaz21qaz ; 12114 
 104 ; –ó–Ω–∞–∫ –ö—Ä–∞—Å–Ω–æ–≥–æ –ö—Ä–µ—Å—Ç–∞ –∑–∞ –†—É—Å—Å–∫–æ-–¢—É—Ä–µ—Ü–∫—É—é –≤–æ–π–Ω—É 1877-1878 –≥–≥ ;  ;  ; Ag,—ç–º–∞–ª—å ; XF ; 58 ; –•–∞–∞ ; 25396 
 105 ; –ú–µ–¥–∞–ª—å –ì–µ–æ–ª–æ–≥–∏—á–µ—Å–∫–∏–π –∫–æ–Ω–≥—Ä–µ—Å—Å –≤ –†–æ—Å—Å–∏–∏ 1897 –≥–æ–¥–∞. D-27–º–º ;  ;  ; Ag ; XF+ ; 36 ; –ü—Ä–æ–¥–∞–Ω–æ –≤ –∑–∞–ª–µ ; 9500 
 106 ; –ñ–µ—Ç–æ–Ω –Ω–∞ –æ—Ç–∫—Ä—ã—Ç–∏–µ –ø–∞–º—è—Ç–Ω–∏–∫–∞ –ü–µ—Ç—Ä—É I D-25–º–º ;  ;  ; Ag ; VF+ ; 63 ; –æ–ø—Å ; 17000 
 107 ; –ñ–µ—Ç–æ–Ω –Ω–∞ –æ—Ç–∫—Ä—ã—Ç–∏–µ –ø–∞–º—è—Ç–Ω–∏–∫–∞ –ü–µ—Ç—Ä—É I D-25–º–º ;  ;  ; Br ; VF+ ; 49 ; overs–Ωtag ; 12273 
 108 ; 3 —Ä—É–±–ª—è. –ú-10,21–≥ ; 1830 ; –°–ü–ë ; Pt ; VF ; 35 ; ctepanovich ; 52000 
 51 ; 5 –∫–æ–ø–µ–µ–∫ ; 1849 ; –°–ü–ë –ü–ê ; Ag ; XF+ ; 44 ; rogogor ; 3003 
 52 ; 5 –∫–æ–ø–µ–µ–∫ ; 1850 ; –°–ü–ë –ü–ê ; Ag ; XF+ ; 49 ; pilot2371 ; 15000 
 53 ; 5 –∫–æ–ø–µ–µ–∫ ; 1865 ; –°–ü–ë –ù–§ ; Ag ; AU ; 26 ; pilot2371 ; 6831 
 54 ; 5 –∫–æ–ø–µ–µ–∫ ; 1875 ; –°–ü–ë HI ; Ag ; AU ; 39 ; –ü—Ä–æ–¥–∞–Ω–æ –≤ –∑–∞–ª–µ ; 13000 
 55 ; 5 –∫–æ–ø–µ–µ–∫ ; 1878 ; –°–ü–ë –ù–§ ; Ag ; AU ; 67 ; grut ; 14000 
 56 ; 5 –∫–æ–ø–µ–µ–∫. –í –∫–∞–ø—Å—É–ª–µ NGC ; 1905 ; –°–ü–ë –ê–† ; Ag ;  ; 56 ; –ü—Ä–æ–¥–∞–Ω–æ –≤ –∑–∞–ª–µ ; 3700 
 57 ; 5 –∫–æ–ø–µ–µ–∫ ; 1727 ; –ù–î –î–∞—Ç–∞ —Å–Ω–∏–∑—É –≤–≤–µ—Ä—Ö ; Cu ; VF ; 44 ; 44222 ; 5000 
 58 ; 5 –∫–æ–ø–µ–µ–∫ ; 1765 ; –ú–ú ; Cu ; F-VF ; 21 ; N.A.S.A ; 1000 
 59 ; 5 –∫–æ–ø–µ–µ–∫ ; 1766 ; –ú–ú ; Cu ; VF- ; 12 ; –°–Ω–µ–∂–Ω—ã–π –ë–∞—Ä—Å ; 551 
 60 ; 5 –∫–æ–ø–µ–µ–∫ ; 1771 ; –ö–ú "–°–∏–±–∏—Ä—å" ; Cu ; VF+ ; 36 ; –ü—Ä–æ–¥–∞–Ω–æ –≤ –∑–∞–ª–µ ; 5500 
 61 ; 5 –∫–æ–ø–µ–µ–∫ ; 1781 ; –ö–ú ; Cu ; VF ; 40 ; –ö–µ–º—Å–∫–∞—è ; 7778 
 62 ; 5 –∫–æ–ø–µ–µ–∫ ; 1788 ; –ú–ú ; Cu ; VF ; 43 ; –ß—É–∫ ; 2900 
 63 ; 5 –∫–æ–ø–µ–µ–∫ ; 1791 ; –ê–ú ; Cu ; XF- ; 32 ; –ü—Ä–æ–¥–∞–Ω–æ –≤ –∑–∞–ª–µ ; 900 
 64 ; 5 –∫–æ–ø–µ–µ–∫ ; 1793 ; –ê–ú ; Cu ; XF ; 33 ; –ö–µ–º—Å–∫–∞—è ; 4000 
 65 ; 5 –∫–æ–ø–µ–µ–∫ (–ü–µ—Ç—Ä–æ–≤-2—Ä, –ò–ª—å–∏–Ω-1—Ä) ; 1802 ; –ö–ú ; Cu ; VF+ ; 89 ; Diatez ; 21000 
 66 ; 5 –∫–æ–ø–µ–µ–∫ ; 1808 ; –ö–ú ; Cu ; VF+ ; 51 ; –ü—Ä–æ–¥–∞–Ω–æ –≤ –∑–∞–ª–µ ; 7500 
 67 ; 5 –∫–æ–ø–µ–µ–∫ (–ü–µ—Ç—Ä–æ–≤-5—Ä, –ò–ª—å–∏–Ω-3—Ä) ; 1809 ; –ö–ú ; Cu ; VF-XF ; 58 ; –æ–±–º–æ—Ä–æ–∫ ; 13500 
 68 ; 5 –∫–æ–ø–µ–µ–∫ ; 1831 ; –ï–ú –§–• ; Cu ; XF ; 26 ; –õ–ê–í-13 ; 12500 
 69 ; 5 –∫–æ–ø–µ–µ–∫ ; 1866 ; –ï–ú ; Cu ; XF ; 25 ; sdv75-2010 ; 9000 
 70 ; 2 –∫–æ–ø–µ–π–∫–∏ ; 1763 ; –ú–ú ; Cu ; VF ; 48 ; –ü—Ä–æ–¥–∞–Ω–æ –≤ –∑–∞–ª–µ ; 6000 
 71 ; 2 –∫–æ–ø–µ–π–∫–∏ ; 1765 ; –ú–ú ; Cu ; VF ; 27 ; –ü—Ä–æ–¥–∞–Ω–æ –≤ –∑–∞–ª–µ ; 2200 
 72 ; 2 –∫–æ–ø–µ–π–∫–∏ ; 1790 ; –ï–ú ; Cu ; VF-XF ; 25 ; 25 ; 15500 
 73 ; 2 –∫–æ–ø–µ–π–∫–∏ ; 1800 ; –ï–ú ; Cu ; XF- ; 47 ; papinazu ; 2268 
 74 ; 2 –∫–æ–ø–µ–π–∫–∏ ; 1801 ; –ï–ú ; Cu ; XF- ; 43 ; arcadymer ; 1111 
 75 ; 2 –∫–æ–ø–µ–π–∫–∏ ; 1802 ; –ï–ú ; Cu ; VF ; 37 ; Dzmitry ; 10000 
 76 ; 2 –∫–æ–ø–µ–π–∫–∏ ; 1842 ; –ï–ú ; Cu ; VF-XF ; 46 ; sdv75-2010 ; 1950 
 77 ; 2 –∫–æ–ø–µ–π–∫–∏ ; 1852 ; –ï–ú ; Cu ; XF ; 25 ; sdv75-2010 ; 5750 
 78 ; –ö–æ–ø–µ–π–∫–∞ ; 1710 ; –ë–ö –ù–æ–≤–æ–¥–µ–ª ;  ; XF+ ; 58 ; –ü—Ä–æ–¥–∞–Ω–æ –≤ –∑–∞–ª–µ ; 100000 
 79 ; –ö–æ–ø–µ–π–∫–∞ ; 1820 ; –ò–ú –Ø–í ; Cu ; VF+ ; 20 ; –ü—Ä–æ–¥–∞–Ω–æ –≤ –∑–∞–ª–µ ; 3800 
 80 ; –ö–æ–ø–µ–π–∫–∞ ; 1854 ; –ï–ú ; Cu ; XF ; 21 ; –ü—Ä–æ–¥–∞–Ω–æ –≤ –∑–∞–ª–µ ; 2600 
 81 ; –î–µ–Ω–≥–∞ ; 1772 ; –ö–ú "–°–∏–±–∏—Ä—å" ; Cu ; VF ; 13 ; zigzag ; 3526 
 82 ; –î–µ–Ω–≥–∞ ; 1793 ; –ï–ú ; Cu ; VF ; 61 ; cotangens ; 5250 
 83 ; –î–µ–Ω–µ–∂–∫–∞ ; 1851 ; –í–ú ; Cu ; VF+ ; 43 ; –ê–ê–§ ; 4587 
 84 ; –î–µ–Ω–µ–∂–∫–∞ ; 1852 ; –í–ú ; Cu ; VF-XF ; 33 ; –ê–ê–§ ; 3573 
 85 ; –î–µ–Ω–µ–∂–∫–∞ ; 1855 ; –í–ú ; Cu ; XF ; 59 ; –ü—Ä–æ–¥–∞–Ω–æ –≤ –∑–∞–ª–µ ; 9000 
 86 ; 1/2 –∫–æ–ø–µ–π–∫–∏ ; 1916 ;  ; Cu ; XF+ ; 69 ; –ü—Ä–æ–¥–∞–Ω–æ –≤ –∑–∞–ª–µ ; 17000 
 87 ; –ü–æ–ª—É—à–∫–∞ ; 1707 ;  ; Cu ; VF ; 37 ; –°—ã—á ; 4600 
 88 ; –ü–æ–ª—É—à–∫–∞ ; 1767 ; –ö–ú "–°–∏–±–∏—Ä—å" ; Cu ; VF- ; 23 ; –ü—Ä–æ–¥–∞–Ω–æ –≤ –∑–∞–ª–µ ; 1800 
 89 ; –ü–æ–ª—É—à–∫–∞ ; 1774 ; –ö–ú "–°–∏–±–∏—Ä—å" ; Cu ; VF ; 31 ; sergius ; 3627 
 90 ; –ü–æ–ª—É—à–∫–∞ (–ü–µ—Ç—Ä–æ–≤-2,5—Ä, –ò–ª—å–∏–Ω-3—Ä) ; 1783 ; –ö–ú ; Cu ; F ; 27 ; N.A.S.A ; 3512 
 91 ; –ü–æ–ª—É—à–∫–∞ (–ü–µ—Ç—Ä–æ–≤-2,5—Ä, –ò–ª—å–∏–Ω-3—Ä) ; 1784 ; –ö–ú ; Cu ; F+ ; 7 ; –õ—Ä—Å 21,12 ; 2800 
 92 ; –ü–æ–ª—É—à–∫–∞ (–ü–µ—Ç—Ä–æ–≤-3—Ä, –ò–ª—å–∏–Ω-5—Ä) ; 1786 ; –ö–ú ; Cu ; F+ ; 39 ; cotangens ; 3800 
 93 ; –ü–æ–ª—É—à–∫–∞ (–ü–µ—Ç—Ä–æ–≤-2,5—Ä, –ò–ª—å–∏–Ω-1—Ä) ; 1787 ; –ö–ú ; Cu ; F+ ; 11 ; –õ—Ä—Å 21,12 ; 2039 
 94 ; –ü–æ–ª—É—à–∫–∞ ; 1795 ;  ; Cu ; F+ ; 29 ; üò∫ ; 7500 
 95 ; 1/4 –∫–æ–ø–µ–π–∫–∏ ; 1867 ; –°–ü–ë ; Cu ; AU ; 54 ; –ü—Ä–æ–¥–∞–Ω–æ –≤ –∑–∞–ª–µ ; 20000 
 96 ; 1/4 –∫–æ–ø–µ–π–∫–∏ ; 1872 ; –ï–ú ; Cu ; XF+ ; 60 ; –ü—Ä–æ–¥–∞–Ω–æ –≤ –∑–∞–ª–µ ; 3500 
 97 ; 1/4 –∫–æ–ø–µ–π–∫–∏ ; 1881 ; –°–ü–ë ; Cu ; AU ; 45 ; –ü—Ä–æ–¥–∞–Ω–æ –≤ –∑–∞–ª–µ ; 10500 
 98 ; 1/4 –∫–æ–ø–µ–π–∫–∏ ; 1882 ; –°–ü–ë ; Cu ; XF- ; 36 ; –ü—Ä–æ–¥–∞–Ω–æ –≤ –∑–∞–ª–µ ; 16000 
 99 ; 1/4 –∫–æ–ø–µ–π–∫–∏ ; 1899 ; –°–ü–ë ; Cu ; AU ; 29 ; üò∫ ; 2000 
 100 ; 1/4 –∫–æ–ø–µ–π–∫–∏ ; 1900 ; –°–ü–ë ; Cu ; AU ; 26 ; electra ; 2100 
 1 ; 3 —Ä—É–±–ª—è. M-10,25–≥ ; 1842 ; –°–ü–ë ; Pt ; VF-XF ; 39 ; krugerrand ; 80000 
 2 ; –†—É–±–ª—å. –ú-1,23–≥ ; 1779 ; "–î–ª—è –¥–≤–æ—Ä—Ü–æ–≤–æ–≥–æ –æ–±–∏—Ö–æ–¥–∞" ; Au ; XF ; 32 ; –ü—Ä–æ–¥–∞–Ω–æ –≤ –∑–∞–ª–µ ; 58000 
 3 ; –ü–æ–ª—Ç–∏–Ω–∞. –ú-0,82–≥ ; 1756 ;  ; Au ; XF ; 26 ; –°—ã—á ; 57500 
 4 ; –†—É–±–ª—å ; 1719 ; OK ; Ag ; XF ; 73 ; –ü—Ä–æ–¥–∞–Ω–æ –≤ –∑–∞–ª–µ ; 120000 
 5 ; –†—É–±–ª—å ; 1721 ;  ; Ag ; XF ; 24 ; 1999 ; 114444 
 6 ; –†—É–±–ª—å ; 1723 ; –û–ö ; Ag ; XF+ ; 36 ; –ü—Ä–æ–¥–∞–Ω–æ –≤ –∑–∞–ª–µ ; 145000 
 7 ; –†—É–±–ª—å ; 1726 ;  ; Ag ; XF- ; 28 ; zrtg ; 130000 
 8 ; –†—É–±–ª—å ; 1729 ;  ; Ag ; XF ; 30 ; –ü—Ä–æ–¥–∞–Ω–æ –≤ –∑–∞–ª–µ ; 65000 
 9 ; –†—É–±–ª—å ; 1732 ;  ; Ag ; VF+ ; 24 ; eastern wind ; 18521 
 10 ; –†—É–±–ª—å ; 1742 ; –°–ü–ë ; Ag ; VF-XF ; 13 ; –ü—Ä–æ–¥–∞–Ω–æ –≤ –∑–∞–ª–µ ; 18500 
 11 ; –†—É–±–ª—å ; 1748 ; –°–ü–ë ; Ag ; VF-XF ; 17 ; –ü—Ä–æ–¥–∞–Ω–æ –≤ –∑–∞–ª–µ ; 23000 
 12 ; –†—É–±–ª—å ; 1750 ; –°–ü–ë ; Ag ; XF- ; 18 ; Sky2 ; 24000 
 13 ; –†—É–±–ª—å ; 1755 ; –°–ü–ë –ØI BS ; Ag ; XF ; 5 ; –ü—Ä–æ–¥–∞–Ω–æ –≤ –∑–∞–ª–µ ; 40000 
 14 ; –†—É–±–ª—å ; 1755 ; –°–ü–ë –ØI BS ; Ag ; XF ; 30 ; –∞—Ü–µ—Ç–æ–Ω ; 36000 
 15 ; –†—É–±–ª—å ; 1768 ; –ú–ú–î EI ; Ag ; VF-XF ; 62 ; –ü—Ä–æ–¥–∞–Ω–æ –≤ –∑–∞–ª–µ ; 18000 
 16 ; –†—É–±–ª—å ; 1774 ; –°–ü–ë Q–õ T–ò ; Ag ; XF ; 35 ; rogogor ; 16139 
 17 ; –†—É–±–ª—å ; 1778 ; –°–ü–ë –§–õ ; Ag ; VF-XF ; 20 ; Sky2 ; 19541 
 18 ; –†—É–±–ª—å ; 1817 ; –°–ü–ë –ü–° ; Ag ; XF-/XF+ ; 31 ; –ü—Ä–æ–¥–∞–Ω–æ –≤ –∑–∞–ª–µ ; 19000 
 19 ; –†—É–±–ª—å ; 1819 ; –°–ü–ë –ü–° ; Ag ; XF- ; 38 ; –∞—Ü–µ—Ç–æ–Ω ; 14500 
 20 ; –†—É–±–ª—å ; 1829 ; –°–ü–ë –ù–ì ; Ag ; XF ; 43 ; –ü—Ä–æ–¥–∞–Ω–æ –≤ –∑–∞–ª–µ ; 26000 
 21 ; –†—É–±–ª—å ; 1842 ; –°–ü–ë –ê–ß ; Ag ; XF ; 33 ; –ü—Ä–æ–¥–∞–Ω–æ –≤ –∑–∞–ª–µ ; 9500 
 22 ; –†—É–±–ª—å ; 1844 ; –°–ü–ë –ö–ë ; Ag ; XF ; 35 ; –∞—Ü–µ—Ç–æ–Ω ; 9000 
 23 ; –†—É–±–ª—å ; 1846 ; –°–ü–ë –ü–ê ; Ag ; XF ; 26 ; –ü—Ä–æ–¥–∞–Ω–æ –≤ –∑–∞–ª–µ ; 8500 
 24 ; –†—É–±–ª—å ; 1847 ; MW ; Ag ; XF+ ; 59 ; sergius ; 29898 
 25 ; –†—É–±–ª—å ; 1848 ; –°–ü–ë HI ; Ag ; XF ; 64 ; –ü—Ä–æ–¥–∞–Ω–æ –≤ –∑–∞–ª–µ ; 20000 
 26 ; –†—É–±–ª—å ; 1854 ; –°–ü–ë HI ; Ag ; XF ; 67 ; gusar ; 9293 
 27 ; –†—É–±–ª—å ; 1893 ; (–ê–ì) ; Ag ; AU ; 67 ; –ü—Ä–æ–¥–∞–Ω–æ –≤ –∑–∞–ª–µ ; 110000 
 28 ; –†—É–±–ª—å ; 1907 ; (–≠–ë) ; Ag ; XF ; 26 ; –ü—Ä–æ–¥–∞–Ω–æ –≤ –∑–∞–ª–µ ; 21000 
 29 ; –†—É–±–ª—å ; 1912 ; (–≠–ë) ; Ag ; XF/AU ; 61 ; ZOLTAN333 ; 13000 
 30 ; –†—É–±–ª—å. –ü–ª–æ—Å–∫–∏–π —á–µ–∫–∞–Ω ; 1913 ; –ê–ì –ù–∞ 300-–ª–µ—Ç–∏–µ –î–æ–º–∞ –†–æ–º–∞–Ω–æ–≤—ã—Ö ; Ag ; AU ; 25 ; –ü—Ä–æ–¥–∞–Ω–æ –≤ –∑–∞–ª–µ ; 10000 
 31 ; –†—É–±–ª—å. –í—ã–ø—É–∫–ª—ã–π —á–µ–∫–∞–Ω ; 1913 ; –ê–ì –ù–∞ 300-–ª–µ—Ç–∏–µ –î–æ–º–∞ –†–æ–º–∞–Ω–æ–≤—ã—Ö ; Ag ; AU ; 28 ; lastfast ; 13000 
 32 ; –†—É–±–ª—å. –†–∞–∑–º—ã—Ç—ã–π —Ä–µ–ª—å–µ—Ñ ; 1913 ; –ê–ì –ù–∞ 300-–ª–µ—Ç–∏–µ –î–æ–º–∞ –†–æ–º–∞–Ω–æ–≤—ã—Ö ; Ag ; XF+ ; 58 ; –ü—Ä–æ–¥–∞–Ω–æ –≤ –∑–∞–ª–µ ; 12000 
 33 ; –ü–æ–ª—Ç–∏–Ω–∞ ; 1732 ;  ; Ag ; VF- ; 27 ; –ü—Ä–æ–¥–∞–Ω–æ –≤ –∑–∞–ª–µ ; 19000 
 34 ; –ü–æ–ª—Ç–∏–Ω–∞ ; 1750 ; –°–ü–ë ; Ag ; VF-XF ; 75 ; –ü—Ä–æ–¥–∞–Ω–æ –≤ –∑–∞–ª–µ ; 38000 
 35 ; –ü–æ–ª—Ç–∏–Ω–∞ ; 1894 ; (–ê–ì) ; Ag ; XF+ ; 39 ; rogogor ; 27532 
 36 ; –ü–æ–ª—Ç–∏–Ω–∞ ; 1913 ; (–í–°) –ê–ì ; Ag ; AU ; 79 ; –ü—Ä–æ–¥–∞–Ω–æ –≤ –∑–∞–ª–µ ; 16000 
 37 ; 25 –∫–æ–ø–µ–µ–∫ (–ü–µ—Ç—Ä–æ–≤-2,5—Ä, –ò–ª—å–∏–Ω-3—Ä) ; 1852 ; –°–ü–ë HI ; Ag ; XF ; 77 ; –õ–ê–í-13 ; 34000 
 38 ; 25 –∫–æ–ø–µ–µ–∫ ; 1856 ; –°–ü–ë –§–ë ; Ag ; XF+ ; 52 ; –ü—Ä–æ–¥–∞–Ω–æ –≤ –∑–∞–ª–µ ; 7000 
 39 ; 25 –∫–æ–ø–µ–µ–∫ ; 1858 ; –°–ü–ë –§–ë ; Ag ; XF+ ; 65 ; –ü—Ä–æ–¥–∞–Ω–æ –≤ –∑–∞–ª–µ ; 7000 
 40 ; 20 –∫–æ–ø–µ–µ–∫ ; 1771 ; –°–ü–ë TI ; Ag ; XF- ; 32 ; –ü—Ä–æ–¥–∞–Ω–æ –≤ –∑–∞–ª–µ ; 7000 
 41 ; 20 –∫–æ–ø–µ–µ–∫ ; 1840 ; –°–ü–ë –ù–ì ; Ag ; XF+ ; 37 ; –ü—Ä–æ–¥–∞–Ω–æ –≤ –∑–∞–ª–µ ; 18000 
 42 ; 15 –∫–æ–ø–µ–µ–∫ ; 1770 ; –ú–ú–î ; Ag ; XF ; 78 ; –ü—Ä–æ–¥–∞–Ω–æ –≤ –∑–∞–ª–µ ; 23000 
 43 ; 15 –∫–æ–ø–µ–µ–∫ ; 1917 ; –í–° ; Ag ; AU ; 25 ; electra ; 4000 
 44 ; –ì—Ä–∏–≤–µ–Ω–Ω–∏–∫ ; 1781 ; –°–ü–ë ; Ag ; XF- ; 24 ; –æ–±–º–æ—Ä–æ–∫ ; 6882 
 45 ; –î–µ—Å—è—Ç—å –¥–µ–Ω–µ–≥. –ó–∞–¥–µ–ª–∞–Ω–æ –æ—Ç–≤–µ—Ä—Å—Ç–∏–µ (–ü–µ—Ç—Ä–æ–≤-6—Ä) ; 1704 ;  ; Ag ; F ; 66 ; –ü—Ä–æ–¥–∞–Ω–æ –≤ –∑–∞–ª–µ ; 15000 
 46 ; 5 –∫–æ–ø–µ–µ–∫ ; 1823 ; –°–ü–ë –ü–î ; Ag ; XF ; 55 ; pilot2371 ; 6136 
 47 ; 5 –∫–æ–ø–µ–µ–∫ ; 1829 ; –°–ü–ë –ù–ì ; Ag ; VF+ ; 64 ; eastern wind ; 5697 
 48 ; 5 –∫–æ–ø–µ–µ–∫ ; 1841 ; –°–ü–ë –ù–ì ; Ag ; VF ; 39 ; –ü—Ä–æ–¥–∞–Ω–æ –≤ –∑–∞–ª–µ ; 6800 
 49 ; 5 –∫–æ–ø–µ–µ–∫ ; 1842 ; –°–ü–ë –ê–ß ; Ag ; XF ; 64 ; –ü—Ä–æ–¥–∞–Ω–æ –≤ –∑–∞–ª–µ ; 16000 
 50 ; 5 –∫–æ–ø–µ–µ–∫ ; 1845 ; –°–ü–ë –ö–ë ; Ag ; XF+ ; 55 ; rogogor ; 4444 
